viewer_id,age_group,country,account_age_days,subscription_tier,preferred_category
VWR00001,18-24,AR,355,free,IRL
VWR00002,25-34,CA,1670,free,Creative
VWR00003,35-44,US,1108,free,Just Chatting
VWR00004,45+,,822,tier1,FPS
VWR00005,25-34,DE,2226,free,Just Chatting
VWR00006,18-24,US,1766,free,Just Chatting
VWR00007,13-17,ES,1367,tier1,Sports
VWR00008,18-24,other,2720,free,MOBA
VWR00009,45+,FR,33,tier2,FPS
VWR00010,45+,GB,363,free,FPS
VWR00011,18-24,GB,3511,tier1,Sports
VWR00012,18-24,US,2431,tier3,FPS
VWR00013,25-34,US,2019,free,IRL
VWR00014,18-24,FR,83,tier1,FPS
VWR00015,45+,,2196,free,Just Chatting
VWR00016,18-24,FR,1603,tier1,IRL
VWR00017,18-24,SE,2201,tier2,Just Chatting
VWR00018,18-24,US,178,tier1,IRL
VWR00019,18-24,US,2023,tier2,FPS
VWR00020,18-24,US,2121,free,IRL
VWR00021,35-44,,1079,free,Creative
VWR00022,18-24,BR,227,free,IRL
VWR00023,25-34,IT,3547,tier1,Just Chatting
VWR00024,18-24,RU,2597,tier2,IRL
VWR00025,18-24,MX,2280,free trial,Sports
VWR00026,13-17,GB,2806,free,Just Chatting
VWR00027,18-24,US,2458,free,FPS
VWR00028,13-17,GB,516,tier1,Creative
VWR00029,18–24,CA,1676,tier2,Just Chatting
VWR00030,35-44,PL,3246,free,IRL
VWR00031,25-34,DE,1072,free,Creative
VWR00032,45+,US,3549,free,Just Chatting
VWR00033,18-24,,262,free,MOBA
VWR00034,25-34,US,1227,tier3,MOBA
VWR00035,25–34,AR,1297,free,FPS
VWR00036,18-24,US,2265,free,Creative
VWR00037,18-24,US,667,free,Just Chatting
VWR00038,25-34,US,859,free,FPS
VWR00039,35-44,NL,2426,tier3,Creative
VWR00040,25-34,FR,1060,free,Just Chatting
VWR00041,18-24,MX,3211,free,Creative
VWR00042,45+,,3180,free,Just Chatting
VWR00043,18-24,US,1125,tier3,MOBA
VWR00044,45+,SE,2057,tier3,Just Chatting
VWR00045,35-44,US,1235,free,IRL
VWR00046,35-44,US,1278,premium,Creative
VWR00047,35-44,BR,2456,free,Creative
VWR00048,18-24,US,1091,free,Sports
VWR00049,25-34,US,570,free,IRL
VWR00050,35-44,IT,967,tier1,Creative
VWR00051,25-34,DE,3394,tier2,MOBA
VWR00052,18-24,US,968,free,Sports
VWR00053,18-24,CA,1347,free,IRL
VWR00054,18-24,JP,2306,free,Sports
VWR00055,25-34,US,396,free,Just Chatting
VWR00056,25-34,US,1001,free,MOBA
VWR00057,35-44,MX,662,free,IRL
VWR00058,35-44,MX,3376,tier3,Just Chatting
VWR00059,25-34,other,3406,free,Just Chatting
VWR00060,18-24,GB,2765,tier2,Sports
VWR00061,25-34,US,924,free,FPS
VWR00062,18-24,,2261,free,Just Chatting
VWR00063,18-24,MX,2427,free,FPS
VWR00064,13-17,US,3177,tier2,FPS
VWR00065,18-24,BR,595,free,MOBA
VWR00066,18-24,US,2695,free,Sports
VWR00067,25-34,SE,732,tier1,Sports
VWR00068,13-17,NL,2088,tier1,IRL
VWR00069,18-24,,3212,tier1,IRL
VWR00070,13-17,other,254,free,FPS
VWR00071,25-34,other,565,free,Creative
VWR00072,25-34,US,2973,tier1,Just Chatting
VWR00073,18-24,GB,97,tier1,Just Chatting
VWR00074,18-24,MX,2510,tier1,Sports
VWR00075,45+,US,1844,free,Creative
VWR00076,25-34,GB,1284,free,FPS
VWR00077,25-34,US,3153,tier2,IRL
VWR00078,25-34,IN,3103,tier1,MOBA
VWR00079,35-44,GB,1210,free,FPS
VWR00080,35-44,ES,46,tier2,FPS
VWR00081,18-24,GB,493,free,Just Chatting
VWR00082,25-34,US,418,free,MOBA
VWR00083,18-24,PL,3585,free,FPS
VWR00084,25-34,US,2190,tier1,MOBA
VWR00085,18-24,,2479,free,Just Chatting
VWR00086,13-17,GB,865,free,Sports
VWR00087,45+,KR,3109,tier1,IRL
VWR00088,35-44,CA,2646,free,Sports
VWR00089,18-24,US,2752,tier2,Just Chatting
VWR00090,45+,CA,1725,free,MOBA
VWR00091,18-24,US,2557,free,Creative
VWR00092,25–34,US,1999,tier1,FPS
VWR00093,35-44,FR,1422,tier1,Just Chatting
VWR00094,18-24,US,2182,free,FPS
VWR00095,25-34,CA,1204,tier1,FPS
VWR00096,25-34,AU,3479,tier2,FPS
VWR00097,18-24,JP,2625,tier1,FPS
VWR00098,18-24,US,2705,tier1,FPS
VWR00099,18-24,CA,2624,free,IRL
VWR00100,25-34,US,1653,free,Just Chatting
VWR00101,18-24,IN,3471,free,FPS
VWR00102,18-24,US,782,free,IRL
VWR00103,25-34,US,2088,tier1,Just Chatting
VWR00104,18-24,,281,free,Just Chatting
VWR00105,18-24,US,1096,free,Just Chatting
VWR00106,25-34,US,2109,free,Just Chatting
VWR00107,35-44,US,1802,free,MOBA
VWR00108,13-17,AU,3437,free,Just Chatting
VWR00109,35 to 44,MX,2251,tier1,FPS
VWR00110,25-34,AU,1519,free,Sports
VWR00111,18-24,ES,1574,free,Sports
VWR00112,35-44,CA,2243,none,Just Chatting
VWR00113,25-34,AR,2893,tier1,FPS
VWR00114,25-34,JP,1031,free,MOBA
VWR00115,25-34,IT,2146,free,Creative
VWR00116,25-34,JP,2110,free,Creative
VWR00117,45+,CA,64,free,Just Chatting
VWR00118,25-34,CA,3334,tier2,Just Chatting
VWR00119,35-44,GB,2092,tier1,FPS
VWR00120,25–34,US,906,tier3,Creative
VWR00121,35-44,DE,2323,tier2,Sports
VWR00122,45+,US,2483,premium,Just Chatting
VWR00123,18-24,US,3343,free,MOBA
VWR00124,18-24,TR,153,free,Just Chatting
VWR00125,25-34,KR,1527,free,IRL
VWR00126,18-24,BR,682,free,Sports
VWR00127,25-34,CA,2109,free,MOBA
VWR00128,35-44,BR,1845,free,Just Chatting
VWR00129,45+,RU,1749,free,MOBA
VWR00130,18-24,,3584,tier1,FPS
VWR00131,25-34,MX,1954,tier1,Creative
VWR00132,18-24,DE,1517,tier3,FPS
VWR00133,25-34,CA,273,free,Creative
VWR00134,13-17,KR,1078,free,FPS
VWR00135,25-34,other,3278,tier3,Just Chatting
VWR00136,25–34,GB,1665,tier1,FPS
VWR00137,25-34,GB,3325,free,Just Chatting
VWR00138,25-34,GB,1958,free,FPS
VWR00139,18-24,GB,2013,free,IRL
VWR00140,13-17,,1586,tier2,Just Chatting
VWR00141,18 to 24,KR,2044,tier1,Just Chatting
VWR00142,45+,CA,271,free,Just Chatting
VWR00143,45+,GB,238,free,Just Chatting
VWR00144,18-24,GB,1752,free,Creative
VWR00145,18-24,US,2194,free,Sports
VWR00146,18–24,FR,2024,tier1,Just Chatting
VWR00147,25-34,NL,1583,free,Creative
VWR00148,18-24,AU,1094,free,IRL
VWR00149,13-17,US,2596,free,Sports
VWR00150,18-24,JP,2219,tier2,FPS
VWR00151,18-24,KR,200,free,FPS
VWR00152,18-24,US,1667,free,MOBA
VWR00153,18-24,MX,2603,tier1,Creative
VWR00154,25-34,MX,2868,tier1,IRL
VWR00155,25-34,NL,1068,tier1,MOBA
VWR00156,18-24,US,3378,tier2,Just Chatting
VWR00157,25-34,US,2389,free,IRL
VWR00158,25-34,DE,1614,tier2,Creative
VWR00159,35-44,US,2300,tier4,FPS
VWR00160,45+,GB,3184,TIER1,IRL
VWR00161,18-24,IT,851,tier1,FPS
VWR00162,35-44,US,574,free,MOBA
VWR00163,25-34,DE,1624,free,MOBA
VWR00164,25-34,other,333,free,Creative
VWR00165,18-24,FR,3054,free,Sports
VWR00166,18-24,DE,3542,tier3,FPS
VWR00167,13-17,BR,2222,free,FPS
VWR00168,45+,US,3577,free,FPS
VWR00169,25-34,US,278,premium,Just Chatting
VWR00170,18-24,AU,2319,free,FPS
VWR00171,25-34,GB,1633,free,Just Chatting
VWR00172,13-17,CA,1034,free,FPS
VWR00173,18-24,US,1158,tier1,Just Chatting
VWR00174,25-34,SE,2003,tier3,FPS
VWR00175,25-34,US,2352,free,Creative
VWR00176,35-44,JP,623,tier3,Just Chatting
VWR00177,25-34,,2254,tier1,MOBA
VWR00178,25-34,BR,3384,tier1,Sports
VWR00179,35-44,US,67,free,MOBA
VWR00180,13-17,US,3209,free,Just Chatting
VWR00181,25-34,FR,2229,tier2,FPS
VWR00182,25-34,KR,1268,free,MOBA
VWR00183,18-24,US,2690,free,MOBA
VWR00184,18-24,GB,2266,tier1,Just Chatting
VWR00185,18-24,DE,2812,free,FPS
VWR00186,18-24,US,324,tier1,MOBA
VWR00187,25-34,,243,free,FPS
VWR00188,18-24,US,2354,tier2,MOBA
VWR00189,25-34,FR,1129,free,Just Chatting
VWR00190,18-24,US,892,free,FPS
VWR00191,13-17,,1555,tier1,Creative
VWR00192,18-24,CA,2655,free,FPS
VWR00193,18-24,DE,680,tier2,MOBA
VWR00194,45+,GB,3552,tier1,FPS
VWR00195,18-24,,1553,free,FPS
VWR00196,18-24,DE,575,free,Sports
VWR00197,18-24,,287,tier2,FPS
VWR00198,18-24,US,3133,tier1,Just Chatting
VWR00199,25-34,CA,439,tier2,Sports
VWR00200,35-44,US,1546,free,IRL
VWR00201,18-24,,2450,tier2,IRL
VWR00202,25-34,AU,1887,free,Just Chatting
VWR00203,25-34,NL,980,tier1,Just Chatting
VWR00204,35-44,BR,420,free,IRL
VWR00205,25-34,AU,2605,free,Just Chatting
VWR00206,18–24,US,1804,tier3,Just Chatting
VWR00207,25-34,US,204,tier3,Creative
VWR00208,35-44,IT,685,premium,FPS
VWR00209,25-34,US,2066,tier2,Just Chatting
VWR00210,45+,US,639,free,Just Chatting
VWR00211,35-44,TR,1447,free,FPS
VWR00212,18-24,other,480,free,MOBA
VWR00213,35-44,MX,2915,free,Creative
VWR00214,25-34,GB,2312,free,Just Chatting
VWR00215,25-34,,2867,free,Just Chatting
VWR00216,25-34,US,219,free,MOBA
VWR00217,35-44,GB,1389,tier1,FPS
VWR00218,25-34,CA,998,tier1,MOBA
VWR00219,25-34,AR,2284,tier1,Sports
VWR00220,13-17,AR,3003,free,MOBA
VWR00221,18-24,AU,853,tier1,FPS
VWR00222,45+,US,2816,free,Sports
VWR00223,25-34,DE,2131,tier1,Just Chatting
VWR00224,13-17,US,3013,free,Sports
VWR00225,35-44,RU,324,free,MOBA
VWR00226,35-44,US,3617,free,MOBA
VWR00227,25-34,US,1603,tier1,Sports
VWR00228,13-17,KR,1043,tier2,MOBA
VWR00229,25-34,DE,691,tier1,FPS
VWR00230,13-17,NL,3595,tier3,FPS
VWR00231,18-24,US,3227,tier2,IRL
VWR00232,25-34,IT,504,free,MOBA
VWR00233,45+,US,1640,tier1,Just Chatting
VWR00234,18-24,US,2685,free,IRL
VWR00235,35 to 44,DE,2168,free,IRL
VWR00236,45+,US,714,free,FPS
VWR00237,13-17,BR,1334,tier3,Just Chatting
VWR00238,18-24,US,1362,tier1,FPS
VWR00239,25-34,US,1075,free,Just Chatting
VWR00240,35-44,JP,3507,free,Just Chatting
VWR00241,18-24,US,764,free,FPS
VWR00242,25-34,AU,2587,tier1,Just Chatting
VWR00243,25-34,JP,3330,tier2,FPS
VWR00244,25-34,US,2907,free,IRL
VWR00245,25-34,ES,2924,free,FPS
VWR00246,13-17,US,604,free,Sports
VWR00247,18-24,GB,512,free,Sports
VWR00248,18-24,US,2864,free,MOBA
VWR00249,45+,NL,2733,free,Sports
VWR00250,45+,,2715,free,Creative
VWR00251,35 to 44,FR,1545,free,FPS
VWR00252,18-24,other,1924,tier2,IRL
VWR00253,25-34,CA,85,free,Just Chatting
VWR00254,18-24,RU,1083,free,IRL
VWR00255,18-24,KR,1942,tier1,MOBA
VWR00256,18-24,TR,485,tier2,Just Chatting
VWR00257,35-44,AR,500,free,FPS
VWR00258,18-24,other,193,free,Sports
VWR00259,25-34,US,789,tier1,FPS
VWR00260,45+,IT,3624,free,Just Chatting
VWR00261,25-34,IT,2549,none,Just Chatting
VWR00262,13-17,AU,3462,free,MOBA
VWR00263,45+,US,960,free,Creative
VWR00264,25-34,other,2197,free,Creative
VWR00265,25-34,,3258,tier1,FPS
VWR00266,25-34,,1304,free,Just Chatting
VWR00267,35-44,FR,2408,free,Just Chatting
VWR00268,25-34,US,2538,free,MOBA
VWR00269,25-34,JP,3042,tier1,Creative
VWR00270,25-34,US,3539,free,IRL
VWR00271,13-17,KR,2256,tier1,FPS
VWR00272,35-44,SE,2138,tier1,MOBA
VWR00273,18-24,CA,3175,free,FPS
VWR00274,18-24,,2507,none,MOBA
VWR00275,18-24,US,1339,tier2,MOBA
VWR00276,18–24,SE,2311,free,IRL
VWR00277,18-24,IN,2017,free,MOBA
VWR00278,25-34,US,858,free,Sports
VWR00279,18-24,KR,1897,free,FPS
VWR00280,18-24,FR,2287,free,Just Chatting
VWR00281,35-44,FR,3301,tier2,Just Chatting
VWR00282,45+,KR,2131,tier2,MOBA
VWR00283,25-34,DE,626,free,MOBA
VWR00284,18-24,MX,3605,free,MOBA
VWR00285,13-17,US,2122,free,IRL
VWR00286,13-17,GB,1069,free,FPS
VWR00287,18-24,PL,2761,free,IRL
VWR00288,45+,US,1422,tier2,IRL
VWR00289,25-34,,1369,tier2,FPS
VWR00290,18-24,US,3068,free,FPS
VWR00291,45+,SE,3170,tier1,Just Chatting
VWR00292,18-24,BR,1926,free,FPS
VWR00293,18-24,GB,1380,tier1,Creative
VWR00294,18-24,US,3155,free,Sports
VWR00295,18-24,GB,657,free,MOBA
VWR00296,35-44,IN,2734,tier1,FPS
VWR00297,18-24,FR,2144,free,IRL
VWR00298,25-34,DE,3121,premium,IRL
VWR00299,18-24,JP,1552,free,FPS
VWR00300,45+,GB,3041,tier1,Creative
VWR00301,25-34,GB,84,tier1,Just Chatting
VWR00302,25-34,CA,2774,free,Just Chatting
VWR00303,18-24,US,282,free,Just Chatting
VWR00304,45+,,2355,tier1,Just Chatting
VWR00305,25-34,PL,736,free,Creative
VWR00306,18-24,AR,3517,free,FPS
VWR00307,35-44,RU,2814,tier1,FPS
VWR00308,13-17,DE,408,free,FPS
VWR00309,18-24,CA,3259,tier1,FPS
VWR00310,25-34,,942,free,FPS
VWR00311,18-24,IN,2005,tier1,Just Chatting
VWR00312,25-34,JP,338,free,IRL
VWR00313,18-24,DE,412,free,Just Chatting
VWR00314,18-24,KR,903,free,Creative
VWR00315,13-17,ES,1964,tier2,Just Chatting
VWR00316,18–24,AR,1995,tier2,IRL
VWR00317,45+,ES,3127,tier1,Creative
VWR00318,25-34,GB,627,free,Just Chatting
VWR00319,25-34,US,2743,free,Just Chatting
VWR00320,18-24,,51,tier1,Sports
VWR00321,25-34,CA,1083,tier1,MOBA
VWR00322,18-24,IN,663,free,IRL
VWR00323,18-24,FR,478,tier2,Just Chatting
VWR00324,25-34,DE,2145,free,FPS
VWR00325,25-34,,3290,free,MOBA
VWR00326,35-44,MX,2444,tier2,Sports
VWR00327,35-44,FR,3121,free,FPS
VWR00328,35-44,US,2171,free,Creative
VWR00329,18-24,PL,224,free,IRL
VWR00330,13-17,CA,1282,tier3,Just Chatting
VWR00331,18-24,GB,3011,free,FPS
VWR00332,35-44,US,190,tier1,Just Chatting
VWR00333,45+,BR,381,free,FPS
VWR00334,45+,KR,3048,free,IRL
VWR00335,18-24,,259,free,FPS
VWR00336,35-44,US,3503,free,Just Chatting
VWR00337,25-34,other,2776,none,IRL
VWR00338,35 to 44,KR,2437,free,MOBA
VWR00339,25-34,CA,1971,tier1,MOBA
VWR00340,18-24,US,353,free,MOBA
VWR00341,13-17,CA,1530,tier1,Just Chatting
VWR00342,45+,,2954,tier1,IRL
VWR00343,18-24,CA,3301,free,FPS
VWR00344,18-24,,1648,free,FPS
VWR00345,18-24,KR,3068,free,Just Chatting
VWR00346,18 to 24,PL,2841,free,MOBA
VWR00347,45+,AU,238,free,MOBA
VWR00348,13-17,ES,2275,free,FPS
VWR00349,18-24,US,2260,free,Creative
VWR00350,35-44,PL,1995,free,Creative
VWR00351,25-34,US,2825,tier3,Just Chatting
VWR00352,18-24,US,3249,free,IRL
VWR00353,13-17,,2022,free,FPS
VWR00354,18-24,US,1189,free,Sports
VWR00355,18-24,US,3588,tier1,Just Chatting
VWR00356,13-17,MX,3518,free,FPS
VWR00357,18-24,CA,2513,free,FPS
VWR00358,25-34,US,2349,tier1,FPS
VWR00359,35-44,MX,406,free,IRL
VWR00360,35-44,ES,1483,free,MOBA
VWR00361,18-24,IT,747,free,Just Chatting
VWR00362,18-24,US,1893,tier1,MOBA
VWR00363,45+,,3021,tier3,Sports
VWR00364,35-44,NL,842,tier1,Creative
VWR00365,25-34,US,3638,free,MOBA
VWR00366,18-24,US,498,free,FPS
VWR00367,18-24,US,385,free,Just Chatting
VWR00368,25-34,FR,3557,tier1,Creative
VWR00369,25-34,,393,tier2,IRL
VWR00370,13-17,JP,2691,premium,MOBA
VWR00371,45+,other,2793,free,Creative
VWR00372,25-34,US,1224,tier1,Just Chatting
VWR00373,25-34,,262,tier2,IRL
VWR00374,18-24,US,1146,tier1,Just Chatting
VWR00375,35-44,US,278,tier1,Just Chatting
VWR00376,25-34,ES,2463,free,MOBA
VWR00377,13-17,GB,3247,tier1,FPS
VWR00378,25-34,IN,3639,free,Sports
VWR00379,25-34,FR,2927,free,FPS
VWR00380,35-44,US,2834,tier1,Creative
VWR00381,18-24,DE,3221,tier2,IRL
VWR00382,35-44,US,2816,tier2,IRL
VWR00383,25-34,PL,2384,free,Sports
VWR00384,13-17,KR,3636,free,FPS
VWR00385,18–24,CA,1197,free,FPS
VWR00386,18 to 24,FR,1524,tier1,Just Chatting
VWR00387,18-24,,3310,TIER1,FPS
VWR00388,25-34,IT,1155,tier3,Creative
VWR00389,25-34,US,1111,free,MOBA
VWR00390,18-24,US,580,free,FPS
VWR00391,45+,US,1027,tier1,Just Chatting
VWR00392,18-24,GB,2178,free,MOBA
VWR00393,25-34,DE,3238,tier3,IRL
VWR00394,45+,US,523,free,FPS
VWR00395,35-44,GB,2494,free,Creative
VWR00396,25-34,DE,2804,free,MOBA
VWR00397,25-34,US,3272,tier2,Creative
VWR00398,18-24,AR,2745,none,FPS
VWR00399,13-17,BR,594,tier1,IRL
VWR00400,18-24,GB,1799,tier1,Just Chatting
VWR00401,13-17,FR,3477,free,FPS
VWR00402,18-24,CA,3318,tier1,IRL
VWR00403,18-24,SE,2248,tier2,IRL
VWR00404,45+,BR,3516,free,Just Chatting
VWR00405,35-44,DE,2448,tier1,Creative
VWR00406,35-44,AR,264,free,Just Chatting
VWR00407,25-34,NL,3338,free,MOBA
VWR00408,18–24,NL,638,free,Sports
VWR00409,13-17,US,1408,tier2,MOBA
VWR00410,25-34,US,891,free,Creative
VWR00411,25-34,KR,2634,free trial,MOBA
VWR00412,18-24,DE,138,tier1,Creative
VWR00413,25-34,KR,2348,free,IRL
VWR00414,25 to 34,ES,3159,tier1,IRL
VWR00415,18-24,CA,2881,tier2,Just Chatting
VWR00416,18-24,CA,1141,free,IRL
VWR00417,18-24,DE,3276,free,Just Chatting
VWR00418,25-34,US,1340,tier3,Sports
VWR00419,45+,AU,2491,free,Just Chatting
VWR00420,25-34,JP,1864,free,Just Chatting
VWR00421,25-34,DE,274,TIER1,Creative
VWR00422,35-44,JP,40,tier2,Just Chatting
VWR00423,18-24,FR,692,tier1,FPS
VWR00424,25-34,KR,3413,free,IRL
VWR00425,25-34,US,3483,tier2,Just Chatting
VWR00426,25-34,,1514,tier1,Just Chatting
VWR00427,13-17,KR,3536,tier1,MOBA
VWR00428,45+,,209,tier1,Just Chatting
VWR00429,45+,BR,3532,tier1,Just Chatting
VWR00430,13-17,SE,865,free,Just Chatting
VWR00431,18-24,US,163,free,FPS
VWR00432,18-24,JP,2773,free,FPS
VWR00433,35-44,IN,1414,free,Just Chatting
VWR00434,25-34,PL,1088,free,MOBA
VWR00435,18-24,GB,2780,free,MOBA
VWR00436,35-44,MX,1235,tier1,Just Chatting
VWR00437,18-24,other,2755,free,FPS
VWR00438,25-34,BR,736,free,Creative
VWR00439,18-24,US,340,free,MOBA
VWR00440,25-34,US,1206,free,FPS
VWR00441,25-34,IT,2236,tier1,MOBA
VWR00442,18-24,GB,844,free,Just Chatting
VWR00443,18-24,US,547,free,Creative
VWR00444,45+,CA,2741,tier1,Sports
VWR00445,25-34,ES,1815,free,Sports
VWR00446,45+,,1591,free,Just Chatting
VWR00447,25-34,PL,897,tier1,FPS
VWR00448,35-44,JP,94,free,Just Chatting
VWR00449,18-24,other,222,tier1,FPS
VWR00450,35-44,,2497,tier1,FPS
VWR00451,18-24,US,319,tier2,IRL
VWR00452,13-17,AU,923,free,Just Chatting
VWR00453,18-24,US,3327,tier1,Sports
VWR00454,13-17,other,1275,tier1,Just Chatting
VWR00455,45+,US,2725,free,Just Chatting
VWR00456,45+,AU,1272,tier2,Creative
VWR00457,35-44,SE,3403,free,IRL
VWR00458,18-24,US,3005,tier2,FPS
VWR00459,35-44,SE,1731,tier1,MOBA
VWR00460,25 to 34,US,2507,free,Just Chatting
VWR00461,18-24,DE,1526,free,Just Chatting
VWR00462,25-34,DE,3448,tier2,MOBA
VWR00463,25-34,GB,1327,free,FPS
VWR00464,13-17,BR,3057,free,MOBA
VWR00465,25-34,AR,2261,free,Just Chatting
VWR00466,25-34,CA,2360,tier1,IRL
VWR00467,18-24,,1302,free,Creative
VWR00468,18-24,PL,3044,free,Just Chatting
VWR00469,25-34,ES,2731,tier1,Just Chatting
VWR00470,25-34,US,2981,free,FPS
VWR00471,45+,IN,2930,free,Creative
VWR00472,35-44,US,600,free,IRL
VWR00473,25-34,BR,3200,tier2,IRL
VWR00474,25-34,BR,3077,tier2,FPS
VWR00475,25-34,IT,908,free,Just Chatting
VWR00476,25-34,US,3583,free,MOBA
VWR00477,13-17,US,1937,premium,Just Chatting
VWR00478,25-34,ES,1195,tier3,IRL
VWR00479,25-34,US,838,free,Just Chatting
VWR00480,25-34,,1350,free,FPS
VWR00481,35-44,JP,165,tier2,MOBA
VWR00482,25-34,AU,2530,free,MOBA
VWR00483,18-24,US,2592,free,MOBA
VWR00484,13-17,CA,2447,free,FPS
VWR00485,13-17,other,2017,tier1,Sports
VWR00486,18-24,DE,1343,premium,Creative
VWR00487,25-34,US,2650,tier3,Creative
VWR00488,18-24,US,3184,free,MOBA
VWR00489,18-24,CA,347,free,IRL
VWR00490,18-24,other,1416,tier1,MOBA
VWR00491,35-44,CA,3633,tier1,FPS
VWR00492,35-44,US,3150,tier1,FPS
VWR00493,18-24,,3629,tier1,MOBA
VWR00494,18 to 24,US,693,TIER1,Just Chatting
VWR00495,18-24,US,1713,tier1,Just Chatting
VWR00496,13-17,other,501,free,Creative
VWR00497,18-24,KR,3165,free,Just Chatting
VWR00498,13-17,US,1908,tier2,MOBA
VWR00499,18-24,DE,911,tier1,MOBA
VWR00500,45+,US,356,free,Just Chatting
VWR00501,25-34,US,2699,free,Sports
VWR00502,35-44,BR,2968,tier2,Just Chatting
VWR00503,18-24,,3212,free,Sports
VWR00504,18-24,JP,3546,free,Creative
VWR00505,45+,RU,2979,free,Just Chatting
VWR00506,18-24,US,2876,free,Just Chatting
VWR00507,25-34,TR,2968,free,FPS
VWR00508,45+,FR,3645,tier3,FPS
VWR00509,25-34,US,1706,free,Just Chatting
VWR00510,18-24,SE,2776,free,Sports
VWR00511,25-34,,2998,tier1,Just Chatting
VWR00512,13-17,BR,450,free,Creative
VWR00513,18-24,JP,2530,tier1,Just Chatting
VWR00514,13-17,US,1256,tier1,Sports
VWR00515,35-44,PL,509,tier1,Just Chatting
VWR00516,25-34,US,646,tier1,FPS
VWR00517,18-24,NL,443,tier1,MOBA
VWR00518,18-24,US,3279,tier1,Just Chatting
VWR00519,25-34,,2824,tier1,Creative
VWR00520,45+,GB,399,free,FPS
VWR00521,18-24,SE,2294,tier1,MOBA
VWR00522,18-24,US,2420,tier1,MOBA
VWR00523,35-44,PL,1910,free,MOBA
VWR00524,35-44,US,2224,tier2,Just Chatting
VWR00525,45+,DE,3314,free,Just Chatting
VWR00526,18-24,CA,1908,free,Just Chatting
VWR00527,18-24,US,2417,tier2,FPS
VWR00528,18-24,IN,2097,free,Just Chatting
VWR00529,18-24,GB,1464,free,Sports
VWR00530,35-44,KR,3254,free,MOBA
VWR00531,13-17,BR,1528,tier2,MOBA
VWR00532,25-34,FR,2925,free,FPS
VWR00533,45+,MX,2220,tier1,FPS
VWR00534,45+,RU,2509,tier1,MOBA
VWR00535,25-34,KR,2782,tier1,FPS
VWR00536,45+,FR,2694,tier2,FPS
VWR00537,13-17,AU,2072,tier1,MOBA
VWR00538,18-24,,2258,free,MOBA
VWR00539,13-17,GB,1871,tier3,Sports
VWR00540,45+,MX,1257,free,Just Chatting
VWR00541,45+,DE,2661,free,MOBA
VWR00542,13-17,ES,3211,free,Just Chatting
VWR00543,13-17,other,2583,tier1,FPS
VWR00544,18-24,IN,2825,free,IRL
VWR00545,18-24,NL,3035,free,Just Chatting
VWR00546,35-44,MX,1359,free,MOBA
VWR00547,18-24,JP,256,free,FPS
VWR00548,35-44,US,1252,free,Just Chatting
VWR00549,25-34,DE,2762,tier1,Sports
VWR00550,18-24,US,2982,free,FPS
VWR00551,18-24,US,1889,free,Creative
VWR00552,45+,other,2848,free,FPS
VWR00553,25-34,PL,300,free,Sports
VWR00554,18-24,,2361,tier1,FPS
VWR00555,18-24,US,2488,free,FPS
VWR00556,45+,KR,1868,free,Creative
VWR00557,35-44,GB,2623,tier2,FPS
VWR00558,35-44,IT,1809,free,FPS
VWR00559,25-34,other,1925,free,Sports
VWR00560,35-44,CA,2216,tier1,MOBA
VWR00561,18-24,US,2903,tier1,IRL
VWR00562,25-34,US,930,tier1,IRL
VWR00563,18-24,US,1116,free,Creative
VWR00564,25-34,GB,1546,free,Creative
VWR00565,45+,US,760,free,MOBA
VWR00566,45+,US,1239,free,FPS
VWR00567,25-34,,1299,free,Just Chatting
VWR00568,25-34,US,1167,tier3,MOBA
VWR00569,35-44,JP,1514,tier1,Creative
VWR00570,45+,,1857,free,MOBA
VWR00571,35-44,PL,2549,free,Just Chatting
VWR00572,13-17,US,1126,tier1,FPS
VWR00573,18-24,US,3090,free,MOBA
VWR00574,35-44,US,1765,free,Creative
VWR00575,35-44,KR,2639,free,Just Chatting
VWR00576,25-34,US,445,free trial,MOBA
VWR00577,25-34,FR,659,tier1,Creative
VWR00578,18 to 24,US,1671,free,Sports
VWR00579,18-24,other,1355,free,Just Chatting
VWR00580,35-44,US,1825,tier1,Sports
VWR00581,18–24,GB,603,free,MOBA
VWR00582,25-34,SE,1744,tier1,Creative
VWR00583,25-34,US,2515,free,Just Chatting
VWR00584,35-44,US,2667,tier1,MOBA
VWR00585,18-24,IT,928,tier2,MOBA
VWR00586,25-34,US,1276,tier1,FPS
VWR00587,18 to 24,US,1931,free,FPS
VWR00588,18-24,,1905,tier1,MOBA
VWR00589,18-24,US,2896,free,MOBA
VWR00590,13-17,AR,1442,free,Just Chatting
VWR00591,45+,AU,2458,free,FPS
VWR00592,45+,,3229,tier2,Just Chatting
VWR00593,13-17,US,1110,free,Sports
VWR00594,35-44,KR,3009,tier2,Sports
VWR00595,25-34,AU,1234,free,FPS
VWR00596,25–34,US,1240,free,Just Chatting
VWR00597,35-44,RU,2395,tier4,Just Chatting
VWR00598,25-34,BR,2280,tier1,MOBA
VWR00599,18-24,IT,2019,free,Creative
VWR00600,13-17,US,867,free,MOBA
VWR00601,25-34,US,378,free,Just Chatting
VWR00602,45+,KR,3320,free,Just Chatting
VWR00603,25-34,IT,3193,free,Just Chatting
VWR00604,18-24,GB,3239,free,Creative
VWR00605,13-17,US,1885,free,MOBA
VWR00606,45+,NL,3232,tier3,MOBA
VWR00607,18-24,US,1743,free,FPS
VWR00608,25-34,CA,303,free,Sports
VWR00609,25-34,MX,748,free,FPS
VWR00610,18-24,US,1016,free,Creative
VWR00611,13-17,US,1394,tier1,Sports
VWR00612,18-24,US,3429,free,MOBA
VWR00613,18-24,,1234,free,Sports
VWR00614,25-34,CA,2247,tier1,FPS
VWR00615,35-44,AU,1010,free,IRL
VWR00616,18-24,other,2358,tier2,Just Chatting
VWR00617,25-34,AU,2084,tier3,MOBA
VWR00618,13-17,FR,574,free,Just Chatting
VWR00619,18-24,FR,1703,free,Just Chatting
VWR00620,35-44,GB,411,free,Just Chatting
VWR00621,35-44,BR,3248,free,FPS
VWR00622,35-44,IN,2578,free,MOBA
VWR00623,18 to 24,IT,3437,free,MOBA
VWR00624,25-34,GB,3199,free,FPS
VWR00625,18-24,CA,824,free,Sports
VWR00626,45+,RU,2590,free,Sports
VWR00627,25-34,US,392,tier3,Just Chatting
VWR00628,45+,,3507,tier2,FPS
VWR00629,18-24,US,2872,free,IRL
VWR00630,25-34,KR,2493,tier1,IRL
VWR00631,35-44,IT,3631,free,FPS
VWR00632,18-24,DE,3095,tier1,IRL
VWR00633,25-34,US,3156,free,Just Chatting
VWR00634,25-34,SE,392,tier2,FPS
VWR00635,45+,GB,115,free,IRL
VWR00636,18-24,CA,3509,free,MOBA
VWR00637,45+,FR,939,tier3,Creative
VWR00638,18-24,GB,1573,free,Just Chatting
VWR00639,25-34,KR,186,free,Just Chatting
VWR00640,25-34,US,2285,tier1,Just Chatting
VWR00641,18-24,GB,3001,tier1,Just Chatting
VWR00642,45+,RU,3077,tier1,Just Chatting
VWR00643,45+,,2134,tier1,MOBA
VWR00644,45+,DE,2424,tier1,MOBA
VWR00645,45+,AU,1889,free,IRL
VWR00646,25-34,RU,1645,tier1,FPS
VWR00647,25-34,BR,2037,tier1,Just Chatting
VWR00648,35-44,NL,3417,tier2,IRL
VWR00649,13-17,US,943,free,Just Chatting
VWR00650,35-44,CA,1732,free,Creative
VWR00651,25-34,IN,2207,tier1,Just Chatting
VWR00652,25-34,RU,2093,free,MOBA
VWR00653,18-24,BR,141,free,Sports
VWR00654,18-24,DE,1070,tier1,MOBA
VWR00655,13-17,DE,2368,free,MOBA
VWR00656,18-24,US,2542,free,IRL
VWR00657,18-24,RU,2688,free,Just Chatting
VWR00658,18-24,NL,3618,free,IRL
VWR00659,18-24,DE,2466,tier1,Sports
VWR00660,25-34,,2128,free,Sports
VWR00661,18-24,,1232,free,FPS
VWR00662,35-44,US,1370,free,FPS
VWR00663,18-24,JP,3021,free,Creative
VWR00664,25-34,BR,1726,free,MOBA
VWR00665,18-24,US,2620,free,FPS
VWR00666,25-34,MX,479,free,Just Chatting
VWR00667,25-34,,494,none,Just Chatting
VWR00668,25-34,US,810,free,MOBA
VWR00669,18-24,DE,736,free,Just Chatting
VWR00670,25-34,DE,2227,free,Just Chatting
VWR00671,18-24,US,2336,free,Just Chatting
VWR00672,25-34,FR,2049,free,Sports
VWR00673,18-24,MX,1077,free,Just Chatting
VWR00674,25-34,US,2117,free,Just Chatting
VWR00675,18-24,,462,tier1,MOBA
VWR00676,35–44,SE,1741,free,Just Chatting
VWR00677,18-24,CA,590,tier1,Sports
VWR00678,18-24,MX,307,tier1,Sports
VWR00679,18-24,MX,629,free,FPS
VWR00680,13-17,NL,432,free,FPS
VWR00681,25-34,JP,1759,free,FPS
VWR00682,35-44,SE,2005,free,Just Chatting
VWR00683,35-44,MX,2228,free,FPS
VWR00684,18-24,DE,1621,free,Just Chatting
VWR00685,18-24,GB,668,tier1,Just Chatting
VWR00686,35-44,GB,105,free,MOBA
VWR00687,13-17,GB,2609,tier1,Just Chatting
VWR00688,18-24,US,3587,tier1,Just Chatting
VWR00689,35-44,GB,1047,free,MOBA
VWR00690,18–24,GB,771,tier2,FPS
VWR00691,18-24,US,1157,tier3,Just Chatting
VWR00692,18-24,US,806,free,Just Chatting
VWR00693,25-34,ES,839,free,Just Chatting
VWR00694,18-24,BR,1820,free,Just Chatting
VWR00695,25-34,IT,2872,free,Creative
VWR00696,18-24,FR,2608,free,Sports
VWR00697,18-24,SE,3504,free,FPS
VWR00698,18-24,IT,1323,free,FPS
VWR00699,35-44,US,1812,tier1,IRL
VWR00700,18-24,other,1406,free,MOBA
VWR00701,25-34,US,182,free,Just Chatting
VWR00702,18-24,BR,1436,free,Just Chatting
VWR00703,13-17,IT,973,tier1,FPS
VWR00704,18-24,CA,1762,tier1,MOBA
VWR00705,25-34,,602,free,Just Chatting
VWR00706,25-34,GB,2714,tier1,FPS
VWR00707,35-44,US,3080,free,FPS
VWR00708,45+,US,3508,free trial,FPS
VWR00709,35-44,US,337,free,MOBA
VWR00710,25-34,US,455,free,IRL
VWR00711,25-34,MX,3528,tier1,MOBA
VWR00712,25-34,FR,3100,tier2,Just Chatting
VWR00713,18-24,DE,2160,tier1,Just Chatting
VWR00714,35-44,KR,1193,free,Creative
VWR00715,35-44,US,1904,tier1,MOBA
VWR00716,18-24,US,1969,free,Just Chatting
VWR00717,45+,ES,3097,tier1,FPS
VWR00718,35-44,AR,1946,tier1,Creative
VWR00719,18-24,GB,129,free,Creative
VWR00720,45+,US,2562,free,Creative
VWR00721,18-24,IT,2843,free,MOBA
VWR00722,13-17,RU,1109,free,FPS
VWR00723,18 to 24,GB,452,free,FPS
VWR00724,25-34,US,544,free,Just Chatting
VWR00725,18-24,US,3073,free,IRL
VWR00726,45+,BR,1650,free,MOBA
VWR00727,18-24,AR,1945,free,Just Chatting
VWR00728,18-24,AU,3507,tier1,Sports
VWR00729,25-34,CA,251,free,FPS
VWR00730,13-17,AU,775,free,Just Chatting
VWR00731,25-34,NL,3046,tier1,FPS
VWR00732,18-24,DE,1985,tier3,Creative
VWR00733,45+,NL,128,free,Sports
VWR00734,25-34,GB,2574,free,MOBA
VWR00735,13-17,CA,530,free,Sports
VWR00736,13-17,BR,2861,tier3,Creative
VWR00737,13-17,DE,2918,tier1,Creative
VWR00738,45+,other,3014,tier1,Creative
VWR00739,25-34,FR,1712,tier1,FPS
VWR00740,18-24,GB,999,free,Creative
VWR00741,18-24,,3220,free,MOBA
VWR00742,35-44,FR,2052,tier1,IRL
VWR00743,18-24,CA,2330,tier2,Just Chatting
VWR00744,25-34,JP,524,free,IRL
VWR00745,35-44,GB,2287,free,Sports
VWR00746,18-24,GB,2129,free,FPS
VWR00747,25-34,MX,1087,tier3,Sports
VWR00748,18-24,US,2806,free,FPS
VWR00749,18–24,AU,513,tier1,Just Chatting
VWR00750,45+,FR,2634,free,Just Chatting
VWR00751,25-34,DE,3509,tier1,Creative
VWR00752,35-44,KR,2083,tier1,MOBA
VWR00753,25-34,,409,free,FPS
VWR00754,18-24,SE,2032,tier1,MOBA
VWR00755,25-34,GB,1945,tier2,FPS
VWR00756,25-34,CA,2028,tier2,FPS
VWR00757,18-24,KR,1016,free,Creative
VWR00758,18-24,BR,2296,tier1,IRL
VWR00759,25-34,MX,986,free,Creative
VWR00760,25-34,BR,2049,free,MOBA
VWR00761,18 to 24,ES,2182,free,Sports
VWR00762,35-44,US,2368,tier1,Just Chatting
VWR00763,18-24,BR,2918,free,FPS
VWR00764,18-24,US,3224,free,Just Chatting
VWR00765,18-24,GB,2843,free,MOBA
VWR00766,35-44,AU,2911,free,MOBA
VWR00767,18-24,DE,3175,free,IRL
VWR00768,25-34,GB,907,free,FPS
VWR00769,18-24,RU,1090,tier1,Just Chatting
VWR00770,25-34,,1959,free,IRL
VWR00771,35-44,FR,1716,free,Sports
VWR00772,18-24,IN,2571,tier1,FPS
VWR00773,45+,GB,63,premium,Just Chatting
VWR00774,13-17,IT,533,tier2,FPS
VWR00775,18-24,US,2733,tier1,FPS
VWR00776,25-34,CA,3005,tier3,FPS
VWR00777,25-34,CA,1124,free,FPS
VWR00778,18-24,US,1155,tier3,IRL
VWR00779,25-34,FR,2062,tier2,FPS
VWR00780,18-24,US,1757,free,FPS
VWR00781,25-34,MX,642,tier2,Just Chatting
VWR00782,25-34,US,1841,tier1,Sports
VWR00783,45+,US,2996,tier1,FPS
VWR00784,25-34,other,2670,tier2,FPS
VWR00785,25-34,AU,2988,free,Just Chatting
VWR00786,25-34,TR,2360,free,IRL
VWR00787,18-24,DE,3206,tier1,Creative
VWR00788,18-24,US,934,tier1,Just Chatting
VWR00789,45+,BR,196,tier2,Just Chatting
VWR00790,18-24,BR,442,tier2,Just Chatting
VWR00791,35-44,US,3622,tier1,MOBA
VWR00792,18-24,PL,2348,tier3,Sports
VWR00793,35-44,MX,926,free,FPS
VWR00794,18-24,JP,3121,tier3,FPS
VWR00795,45+,DE,1150,free,Creative
VWR00796,25-34,MX,2192,free,IRL
VWR00797,13-17,US,932,free,Just Chatting
VWR00798,25-34,other,373,free,Just Chatting
VWR00799,25-34,GB,998,free,FPS
VWR00800,18-24,US,855,free,Creative
VWR00801,18-24,US,2030,tier1,IRL
VWR00802,25-34,,104,tier1,IRL
VWR00803,25-34,other,898,free,Creative
VWR00804,18-24,RU,2085,tier1,FPS
VWR00805,35-44,KR,1455,free,FPS
VWR00806,18–24,other,2332,free,Just Chatting
VWR00807,13-17,JP,2403,free,Creative
VWR00808,25-34,,3524,free,MOBA
VWR00809,18-24,,3056,tier1,FPS
VWR00810,18-24,US,856,free,Just Chatting
VWR00811,25-34,,2537,tier1,IRL
VWR00812,18-24,GB,2300,free,IRL
VWR00813,18-24,US,2181,tier1,IRL
VWR00814,25-34,IN,2922,tier3,Just Chatting
VWR00815,25-34,other,564,free,Sports
VWR00816,35-44,GB,1388,free,Creative
VWR00817,25-34,KR,2984,free,IRL
VWR00818,25–34,GB,3259,free,IRL
VWR00819,18-24,US,164,free,Sports
VWR00820,35-44,CA,1736,free,Sports
VWR00821,18-24,US,986,tier2,MOBA
VWR00822,18-24,CA,637,tier3,FPS
VWR00823,35-44,US,236,free,FPS
VWR00824,25-34,US,1977,free,Creative
VWR00825,25-34,US,2446,free,IRL
VWR00826,13-17,AR,1953,free,Just Chatting
VWR00827,18-24,US,1363,tier2,Just Chatting
VWR00828,25-34,CA,2822,free,Sports
VWR00829,25-34,FR,2390,free,Sports
VWR00830,25-34,CA,3318,free,Sports
VWR00831,13-17,FR,1286,free,FPS
VWR00832,18-24,,895,free,Creative
VWR00833,25-34,,1679,free,Creative
VWR00834,25-34,BR,1864,tier1,FPS
VWR00835,13-17,KR,1687,free,Just Chatting
VWR00836,13-17,BR,3043,tier2,Sports
VWR00837,18-24,GB,195,free,Just Chatting
VWR00838,13-17,CA,1940,tier1,MOBA
VWR00839,25-34,US,1587,free,IRL
VWR00840,18-24,FR,793,free,IRL
VWR00841,25-34,US,2350,tier2,FPS
VWR00842,35-44,CA,2930,tier1,IRL
VWR00843,45+,AU,2006,free,Just Chatting
VWR00844,45+,US,337,free,Creative
VWR00845,18-24,,302,tier1,Just Chatting
VWR00846,13-17,AU,1556,tier2,IRL
VWR00847,18-24,GB,2448,tier1,Creative
VWR00848,25-34,IT,1164,free,Just Chatting
VWR00849,13-17,TR,1148,free,Just Chatting
VWR00850,18-24,IN,3143,free,Creative
VWR00851,18-24,GB,82,free,Just Chatting
VWR00852,18-24,US,318,free,Just Chatting
VWR00853,25-34,MX,593,tier1,MOBA
VWR00854,25-34,MX,3590,free,Sports
VWR00855,25-34,MX,1831,tier1,MOBA
VWR00856,45+,CA,603,tier1,FPS
VWR00857,18-24,US,1153,tier1,Sports
VWR00858,18-24,US,3539,free,MOBA
VWR00859,18-24,US,2543,free,FPS
VWR00860,25-34,US,839,free,FPS
VWR00861,25-34,TR,901,free,FPS
VWR00862,13-17,US,301,free,FPS
VWR00863,45+,MX,2827,free,IRL
VWR00864,18-24,IN,527,free,Just Chatting
VWR00865,18-24,GB,1067,free,IRL
VWR00866,25-34,FR,1291,tier2,Just Chatting
VWR00867,45+,KR,2277,tier1,FPS
VWR00868,25-34,CA,2224,free,Just Chatting
VWR00869,45+,DE,2923,tier2,MOBA
VWR00870,18-24,NL,1106,free,IRL
VWR00871,25-34,JP,1425,free,FPS
VWR00872,35-44,IT,1436,tier1,Just Chatting
VWR00873,25-34,other,199,free,Just Chatting
VWR00874,18-24,GB,2700,free,Creative
VWR00875,45+,JP,1968,free,FPS
VWR00876,18-24,MX,1751,free,Creative
VWR00877,18-24,AU,3633,tier1,FPS
VWR00878,35-44,JP,677,free,Just Chatting
VWR00879,45+,,3537,free,IRL
VWR00880,45+,RU,2492,free,MOBA
VWR00881,35-44,CA,830,free,Just Chatting
VWR00882,13-17,AU,2486,free,Sports
VWR00883,45+,CA,2765,tier2,Just Chatting
VWR00884,18-24,BR,1342,tier1,FPS
VWR00885,25-34,ES,1278,free,FPS
VWR00886,18-24,IT,3053,tier1,MOBA
VWR00887,35-44,GB,610,TIER1,Creative
VWR00888,25-34,FR,78,free,Just Chatting
VWR00889,35-44,CA,2440,free,Sports
VWR00890,18-24,US,3311,free,IRL
VWR00891,18-24,US,1843,tier1,Sports
VWR00892,18-24,,518,tier3,Creative
VWR00893,13-17,,1982,free,Sports
VWR00894,25-34,,941,free,MOBA
VWR00895,18-24,US,3025,none,FPS
VWR00896,25-34,JP,2245,free,FPS
VWR00897,13-17,BR,1248,free,IRL
VWR00898,18-24,KR,2290,tier3,FPS
VWR00899,25-34,AU,2444,tier1,IRL
VWR00900,18-24,KR,2487,tier3,Just Chatting
VWR00901,18-24,AR,1355,free,Creative
VWR00902,18-24,BR,2095,free,Just Chatting
VWR00903,18-24,US,184,free,Sports
VWR00904,25-34,US,1490,tier2,Just Chatting
VWR00905,18-24,KR,1398,free,Just Chatting
VWR00906,18-24,DE,1965,free,Creative
VWR00907,25-34,FR,3469,free,Creative
VWR00908,25-34,BR,3481,tier1,IRL
VWR00909,25-34,GB,1779,tier1,Sports
VWR00910,18-24,ES,2369,tier1,FPS
VWR00911,45+,JP,421,free,Creative
VWR00912,18-24,KR,1775,tier1,FPS
VWR00913,18-24,KR,2519,premium,MOBA
VWR00914,45+,RU,2501,free,FPS
VWR00915,25-34,BR,3517,free,Just Chatting
VWR00916,25-34,other,1717,free,MOBA
VWR00917,35-44,US,3316,free,IRL
VWR00918,13-17,MX,3572,tier3,Just Chatting
VWR00919,35-44,KR,2100,free,Sports
VWR00920,25-34,DE,361,free,MOBA
VWR00921,18-24,CA,1392,tier1,Just Chatting
VWR00922,18-24,BR,2798,tier1,IRL
VWR00923,18-24,GB,2132,free,Just Chatting
VWR00924,45+,AR,3419,tier1,Just Chatting
VWR00925,18-24,CA,2983,free,IRL
VWR00926,18 to 24,US,258,free,Just Chatting
VWR00927,25-34,BR,3147,tier1,Just Chatting
VWR00928,25-34,GB,1323,free,IRL
VWR00929,18-24,US,2994,free,Just Chatting
VWR00930,35-44,BR,1868,free,Creative
VWR00931,25-34,FR,1678,free,Creative
VWR00932,35–44,US,292,free,Just Chatting
VWR00933,13-17,BR,460,tier2,MOBA
VWR00934,13-17,BR,2184,free,Just Chatting
VWR00935,25-34,ES,2090,tier2,IRL
VWR00936,18-24,GB,2038,free,Just Chatting
VWR00937,25-34,US,596,tier1,Sports
VWR00938,13-17,IN,1875,free,Just Chatting
VWR00939,35-44,BR,250,free,IRL
VWR00940,35-44,,551,free,Just Chatting
VWR00941,35-44,NL,1835,free,Just Chatting
VWR00942,45+,US,2263,tier2,MOBA
VWR00943,45+,IT,2402,tier1,MOBA
VWR00944,18-24,KR,3584,tier1,Sports
VWR00945,18-24,other,3122,free,Just Chatting
VWR00946,35-44,other,1404,free,Just Chatting
VWR00947,45+,US,2863,tier1,FPS
VWR00948,45+,ES,376,tier1,FPS
VWR00949,35-44,CA,3133,free,Sports
VWR00950,18-24,MX,1429,tier1,Sports
VWR00951,45+,,2781,free,Sports
VWR00952,45+,US,3543,tier3,Just Chatting
VWR00953,25 to 34,US,2575,free,FPS
VWR00954,35-44,US,3361,free,IRL
VWR00955,25-34,US,66,tier2,FPS
VWR00956,45+,US,647,tier4,IRL
VWR00957,13-17,AR,2296,free,Just Chatting
VWR00958,35-44,FR,1986,free,FPS
VWR00959,13-17,IT,466,free,Creative
VWR00960,18-24,NL,2630,tier2,FPS
VWR00961,18-24,,242,tier1,Sports
VWR00962,25-34,GB,3616,free,FPS
VWR00963,18-24,PL,596,tier3,Just Chatting
VWR00964,45+,JP,1642,tier1,FPS
VWR00965,25-34,JP,3010,tier2,Just Chatting
VWR00966,35-44,AR,1890,free,MOBA
VWR00967,18-24,BR,2722,free,Just Chatting
VWR00968,13-17,FR,2577,free,MOBA
VWR00969,35-44,RU,3464,free,Creative
VWR00970,25-34,DE,1709,tier1,FPS
VWR00971,25-34,NL,3573,free,Just Chatting
VWR00972,35-44,US,1900,free,FPS
VWR00973,35-44,US,3263,tier1,Creative
VWR00974,25-34,FR,2682,free,MOBA
VWR00975,45+,US,511,free,Just Chatting
VWR00976,25-34,other,2359,tier1,MOBA
VWR00977,25-34,US,3209,tier2,MOBA
VWR00978,18-24,KR,494,free,FPS
VWR00979,13-17,US,3065,tier3,Just Chatting
VWR00980,18-24,other,411,tier1,Sports
VWR00981,35-44,GB,3183,tier1,Just Chatting
VWR00982,25-34,US,2885,free,Just Chatting
VWR00983,18-24,,579,tier1,Just Chatting
VWR00984,25-34,BR,2659,tier1,MOBA
VWR00985,18-24,other,452,free,FPS
VWR00986,18-24,other,2086,tier3,Just Chatting
VWR00987,45+,CA,3374,tier2,FPS
VWR00988,18-24,DE,775,free,IRL
VWR00989,18 to 24,US,659,tier1,FPS
VWR00990,25-34,FR,1560,free,Sports
VWR00991,18-24,BR,1364,tier4,FPS
VWR00992,25-34,US,205,tier1,Just Chatting
VWR00993,45+,MX,1680,free,Sports
VWR00994,25-34,RU,969,free,Creative
VWR00995,25-34,,480,free,FPS
VWR00996,18-24,,1029,tier2,Creative
VWR00997,25-34,,104,free,MOBA
VWR00998,18-24,US,3342,tier2,FPS
VWR00999,13-17,US,3628,free,Creative
VWR01000,35-44,MX,1360,free,Creative
